Pinyin,Simplified,Meaning
yī,一,det.: one .mw-parser-output .k-player .k-attribution{visibility:hidden}yī
zài,在,"in, at, on, etc. zài"
yǒu,有,"have, possess"
gè,个,"piece, item gè"
wǒ,我,"I, me, ego, self wǒ"
bù,不,"non, do not, no, nowise, not, nope, nae, no more, nix bù"
zhè,这,"now, this, det.: this, it"
tā,他,"he, she, it, they (referring to inanimate things in object position) tā"
yě,也,"also, too, as well, either, even yě"
jiù,就,"then, at once, right away, an indicator strengthening speaker's evaluation"
rén,人,"person, people rén"
dōu,都,"all, even, already"
shuō,说,"speak, talk, explain, scold shuō"
ér,而,conj.: and yet
men,们,plural marker for personal pronouns or for nouns referring to people
nǐ,你,you nǐ
le,了,particle: indicating new situation or completed action le
yào,要,"want, need, must, should yào"
huì,会,"to be able, can, will, to meet huì"
duì,对,"correct, true, toward duì"
jí,及,"to reach, to catch up, and jí"
hé,和,"and, with, gentle, peaceful"
yǔ,与,"and, together with, to give"
yǐ,以,"using, taking, from a point on, because of"
hěn,很,"pretty, thrice, monstrously, gey, quite, mighty, stinking, sopping, some, assai, full, most, clinking, much, thumping, awfully, fiendishly, thundering, very, real, really, bally, proper, grossly, powerful, so, rattling, well, considerably, greatly, terribly"
zhǒng,种,m.[kind] zhǒng
de,的,particle: emphasizing an action/situation
dà,大,"great, macro, old, very, vast, tall, big, high, much"
néng,能,can or to be capable of
zhe,着,[aspect]
tā,她,"she, her, she (neologism for {1ta1}[2]), )"
nà,那,det.: that
shàng,上,"on, above shàng"
dàn,但,"conj.: but, yet, still, nevertheless, only, merely dàn"
nián,年,year nián
hái,还,"still, yet, also, too, as well, besides"
kěyǐ,可以,"can, may"
zuì,最,"most, to the highest degree, much, superlatively"
zìjǐ,自己,"lonesome, number_one, own, ego, self, oneself, name"
wéi,为,by
lái,来,"come, arrive lái"
suǒ,所,that which
tāmen,他们,they
liǎng,两,"det.: two, both (sides), either (side), a few, some liǎng"
gè,各,"det.: each, every gè"
kě,可,"can, may kě"
wéi,为,"be, become"
huò,或,"conj.: or, either or huò"
hǎo,好,good hǎo
děng,等,"conj.: and so on, etc děng"
yòu,又,"again, moreover"
jiāng,将,be about to jiāng
yīnwèi,因为,"conj.: because, for, on account of"
yú,于,"in, at, to, from, out of, by"
yóu,由,"from, via, by, through, owing/due to"
cóng,从,"from, since, through cóng"
gèng,更,"more, still/even more, further, furthermore gèng"
bèi,被,by bèi
cái,才,"then and only then, just now, only (before a number) cái"
yǐ,已,already
zhě,者,"nominal suffix, one who, -er"
měi,每,det.: every měi
cì,次,"order, sequence, next cì"
bǎ,把,indicating pre-verbal object as thing dealt with by the action bǎ
sān,三,det.: three sān
shéme,什么,"anything, what"
wèntí,问题,"problem, mishap, query, job, interface, question, inquiry, matter, enquiry, trouble, issue, worry, subject, topic, hang-up, business, quaere"
qí,其,"det.: its, his, her, their, it, this, that qí"
ràng,让,"allow, induce sb. to do sth. ràng"
cǐ,此,"this, det.: this, here"
zuò,做,"make, do zuò"
zài,再,"again, once more, further(more), in a higher degree, and then, not (do sth.) before zài"
suǒyǐ,所以,"conj.: so, therefore, as a result"
zhǐ,只,"only, merely zhǐ"
zé,则,"then, in that case"
Táiwān,台湾,Taiwan táiwān
què,却,"however, but, yet, indeed"
bìng,并,"to be side by side, simultaneously, and bìng"
wèi,位,"location, digit, m.[general], , status, figure, throne, position, place, condition wèi"
xiǎng,想,"think, suppose, reckon, consider, want to, would like to, feel like (doing sth.) xiǎng"
qù,去,"to go, to leave, in order to qù"
ne,呢,particle: marking quesitons about subject already mentioned; indicating strong affirmation
xuéshēng,学生,"academic, pupil, pup, tutee, follower, scholar, schoolchild, schoolboy, alumnus, disciple, learner, scholastic, student"
biǎoshì,表示,"demonstrate, exhibit, prove, show, extend, manifest, express, stamp, signify, mark, witness, look, give, denote, evince, expression, bespeak, say, profess, mean, offer, utter, infer, indicate, represent, read, speak, refer, give tongue to, intend, be, shew, pay, stand_for, establish, stand for, present, render, betoken"
dào,到,up until dào
gōngsī,公司,"place of business, business organization, incorporation, establishment, business concern, office, concern, business establishment, business, enterprise, company, corporation"
jiāng,将,introducing object of main verb jiāng
rúguǒ,如果,conj.: if rúguǒ
shèhuì,社会,"community, society, monde, social, public"
kàn,看,"see, look at, watch, read, look upon, regard, look after, call on, visit kàn"
xiǎo,小,"small, little, petty, minor;young xiǎo"
tiān,天,"sky, heaven tiān"
yīncǐ,因此,"conj.: therefore, consequently"
xīn,新,"new, fresh, up-to-date xīn"
dànshì,但是,"conj.: but, however, yet, still"
tā,它,"they (neologism for {1ta1}[3] [4]), [4]), ), this, that, it"
zhōng,中,"center, middle, interior zhōng"
shǐ,使,"rarefy, piss_off, germinate, drench, blow_out, leave, cut_up, refract, run, dress_up, compose, shed, frizz, put_off, trot, send, strike, send (as envoy), peal, alienate, pull_in, tone_up, bring around, astound, sublease, wither, cripple, bed_down, address, rehearse, usage, warm, smell_out, throw, inflect, get_down, skunk, capsize, congeal, bowl_over, bring_on, unseat, ensure, amalgamate, pro"
gōngzuò,工作,"work, job"
quán,全,"det.: all, Surname, whole, Quan quán"
juéde,觉得,"imagine, guess, believe, reckon, suspect, suppose, think, listen, feel, consider, think_of, appear, conceive"
shǐyòng,使用,"use, employ, apply"
zhèxiē,这些,det.: these
lǐ,里,inside lǐ
bìng,并,"actually, truly bìng"
yóuyú,由于,conj.: owing/due/thanks to
shíhòu,时候,"day, moment, (a point in) time, (duration of) time, time"
zhīdào,知道,"tell, have, ken, understand, infer, wis, learn, cognize, gather, know, be aware of, wise up, savvy, mind, realize"
zhèyàng,这样,"so, such, like this, this way"
yī,一,as soon as yī
rènwéi,认为,"find, treat, deem, suppose, look_on, repute, discount, esteem, accredit, feel, account, calculate, estimate, take to be, reckon, expect, think, hold, trust, recognise, opine, sound off, adjudge, consideration, consider, regard as, look upon, believe_in, disbelieve, allow, conceive, regard, call, imagine, view, forecast, believe, suspect, rate, animadvert, look on, listen, speak up, figure, c"
shíjiān,时间,"moment, day, clock time, fourth_dimension, relativity, hour, duration, time, when, while, temporal, economy"
shì,事,"responsibility, trouble, event, thing, worry, accident, case, involvement, work, affair, job, concern, business, toast, matter shì"
guò,过,[aspect] guò
xiàng,向,"to, towards xiàng"
kěnéng,可能,"probably, maybe"
Zhōngguó,中国,"Cathay, China, china"
Měiguó,美国,"House_of_Representatives, the United States of America, US, U.S.A., bench, Columbia, Yankeeland, U.S., United States, Democrat, Yankeedom, USA, America, United States of America"
dào,到,"arrive, reach, go to dào"
hé,和,together) with
jǐ,几,"det.: how many, a few, several, some jǐ"
xìtǒng,系统,"lineage, filiation, scheme, pedigree, system, formation, superstructure, programme, organization, succession, tract, system of rules, organisation, program"
zhèngfǔ,政府,"sirkar, state, country, nation, governmental, body politic, government, administration, civil order, polity, commonwealth, regime, res publica, land"
dàjiā,大家,"sundry, great master, rich and influential family, pontiff, all of us, everyone, authority, master, distinguished family"
guójiā,国家,"sirkar, state, country, patria, a people, nationality, nation, republic, soli, body politic, clime, national, civil order, polity, commonwealth, land, res publica"
xǔduō,许多,"lot, scores, lots, sight, pot, heap, quantity, plenty, slews, ton, battalion, many, scads, tidy sum, power, spate, chunk, pile, crowd, vastness, batch, lashings, whole lot, mint, mound, pocketful, large number, trunkful, ream, mickle, great deal, flock, mass, slew, heaps, a lot of, piles, whole slew, mess, raff, slue, gobs, much, lotta, multitude, volume, wad, store, raft, tons, satiety, rafts, doze"
shēnghuó,生活,"life, existence, livelihood"
gēn,跟,"with, to, from gēn"
yǐjīng,已经,already
dàxué,大学,"university, college"
yánjiù,研究,"study, research"
yīn,因,"conj.: because, as yīn"
běn,本,det.: this běn
èr,二,"det.: two, second"
huódòng,活动,"activity, maneuver, behavior"
gāi,该,"det.: this, that gāi"
shìjiè,世界,"mundane, creation, world, monde, orb, nature, domain"
yīng,应,"should, ought to"
sì,四,det.: four
xīwàng,希望,"hope, wish"
fāngshì,方式,"path, plan, pattern, tenor, system, method, manner, style, way, guise, fashion, wise, means, shape, how, embodiment, agency, gate, mode, sort"
nèi,内,inside nèi
xiàng,项,m.[general] xiàng
ā,啊,particle: used in direct address and exclamation; indicating obviousness/impatience/suggestion; used for confirmation ā
xià,下,under (condition/fact etc.) xià
huánjìng,环境,"circumambiency, environmental, circumstances, environment, entourage, surround, atmosphere, setting, surroundings, ambiance, condition, context, circumstance, surrounding, frame, milieu, ambient, consideration, environs, medium, ambience"
yīxiē,一些,"det.: some, a few, a little"
bìxū,必须,must
wénhuà,文化,"civilization, literacy, acculturation, Kultur, vandalism, cultural, education, schooling, culture"
gāo,高,"tall, high gāo"
háizi,孩子,"kid, issue, chap, daughter, children, sonny, son or daughter, child, spawn, boy, kipper, son"
méiyǒu,没有,"not have, there is not, be without"
bùnéng,不能,"must/may/can not, not be allowed"
rú,如,"according to, in accordance with, such as, as if, like, for example"
kāishǐ,开始,"begin, start"
yuán,元,m.[standard] yuán
bùtóng,不同,different
réng,仍,"yet, anyway, still"
wǎnglù,网路,"WWW, net, network, Internet, meshwork, web, world wide web, mesh, reticulation"
rìběn,日本,"Nippon, Cipango, Nihon, Japan, japan, Japanese"
yòng,用,with yòng
zhōngxīn,中心,"center, heart, hub"
lái,来,"come, arrive lái"
duì,对,right; correct duì
suīrán,虽然,"conj.: though, although"
zhòngyào,重要,"important, significant, major"
dìfāng,地方,"country, soil, terrain, part, clime, way, territory, room, neighbourhood, tinderbox, locality (as distinct from the central administrat, child, tract, province, position, respect, where, region, space, place, local"
jìnxíng,进行,"be in progress, go on, carry on/out"
guānxì,关系,"relation, bearing, impact, membership credentials, ""backdoor connections"""
shìchǎng,市场,"bourse, bazar, marketplace, grocery store, agora, bazaar, securities industry, grocery, piazza, plaza, rialto, mart, pitch, market"
tài,太,"excessively, too, extremely, very"
lǎoshī,老师,"rabbi, professor, swami, instructor, teacher, mast"
tígōng,提供,"feed, offer, put_up, afford, proffer, set_up, capitalize, bring_forward, sponsor, extend, ply, provision, sustain, equip, supply, cough_up, bear, render, furnish, cater, billet, provide"
xuéxiào,学校,"seminary, schoolhouse, educational institution, school, institution"
yīnggāi,应该,"should, ought to"
zhǐchū,指出,"point, point_out, catch_out, bespeak, indicate, denote, point out (that), note, show, designate, point out"
jīngjì,经济,"economy, financial condition, income"
qítā,其他,"det.: others, the rest, other, else"
jiā,家,"family, household, home, house jiā"
fāzhǎn,发展,"develop, expand, grow"
jiàoyū,教育,education
chéngwéi,成为,"find, join, comprise, turn to, commemorate, sample, entomb, come_up, commence, get hold, learn, add up, necessitate, run, make up, constitute, make, form, come, amount, represent, fall, presage, change, be, turn, turn into, become, line up, come up, shape, portend, foretell, get"
duō,多,"many, much, more, more than the correct/required number, excessive, too much, much/far more duō"
fēicháng,非常,"extraordinary, unusual, special, very, extremely, highly"
biàn,便,"as early as, soon afterwards, little as, as early, and then, and so, so, as early/little as, as little as, then, in that case"
fāngmiàn,方面,"side, aspect, sector, part, light, facet, behalf, way, respect, direction, bearing, field, phase, sphere, angle, hand"
hěnduō,很多,det.:
chī,吃,"feed, have, be subject to, absorb, chow, live on, eat, have one's meals, be a strain, exhaust, fare, take in, live off, annihilate, wipe out, partake, suffer, ingest, consume, graze, lunch, manducate, incur, take, get, use up, make, taste, soak up chī"
ránhòu,然后,"therewith, and so, and_then, and then, thereupon, after that, so, then, with that"
wèi,未,"or not (at end of sentence), have not yet, or not, not wèi"
fāxiàn,发现,"find, discover"
diànnǎo,电脑,"electronic computer, computery, data processor, information processing system, computer"
yīyàng,一样,"same, equal, similar"
érqiě,而且,"conj.: furthermore, and"
xīn,心,"heart, mind, feeling, center, core xīn"
búguò,不过,"conj.: but, however, only"
wúfǎ,无法,"nohow, unable to, unable, cannot"
qǐyè,企业,"proposition, business enterprise, business organization, business concern, concern, commercial enterprise, endeavour, endeavor, industry, business, project, corporation, enterprise"
zhèng,正,"precisely, punctually zhèng"
fúwù,服务,"be in the service of, serve"
jiào,较,"rather, quite, relatively, more jiào"
búhuì,不会,won't
táiwān,台湾,Taiwan
céng,曾,"once, ever, before"
mā,吗,particle: calling for agreement or disagreement
kōngjiān,空间,"elbow room, allowance, margin, roomage, open air/sky/space, road, leeway, way, open air, sheets, room, tolerance, opening, clear, sky, spacial, interspace, vacuity, spatial, dimension, open sky/space, space, place, vacuum"
kàndào,看到,"view, receive, ken, observe, lamp, catch, see, take in, watch, chatter away, lay_eyes_on, boast, brag, shoot the breeze, spy, catch sight of, catch sight of"
wǔ,五,det.: five wǔ
rúhé,如何,how
guónèi,国内,"interior (of country), interior, home, intestine, internal, domestic"
men,们,pluralizer after pronouns and nouns of persons
wú,无,"not have, there is not"
duìyú,对于,"in regard) to, toward, at, for"
yǐjí,以及,"conj.: as well as, along with, and"
zhīhòu,之后,"later, behind, at the back of, after"
kěshì,可是,"conj.: but, yet, however"
dāng,当,"when, while dāng"
rényuán,人员,"strength, personnel, force, staff"
bǐ,比,compared with bǐ
xiān,先,"earlier, in advance, before"
chǎnpǐn,产品,"baby, brand, output, product, produce, end product, merchandise, fruitage, growth, manufacture, wares, production"
zīxùn,资讯,"stuff, message, information, news, info"
zīliào,资料,"food, source, info, means, data, information, material, datum, data point, matter"
bǐjiào,比较,"relatively, fairly"
xiānshēng,先生,"doctor of Chinese medicine, Don, mulla, Ms., sir., teacher, gentleman, gospodin, Signor, signor, fortune-teller, babu, baboo, Herr, Mister, bey, mister, bwana, husband, siree, buckra, sirrah, senor, guv, sahib, Mr., rabbi, don, signore, Dan, sir, m'sieur, effendi, Tuan, baas, Monsieur, lording, monsieur, doctor, Mr, milord, Mynheer, signior, esquire, bookkeeper, Senor, rabboni, Senhor, sieur, sen"
dì,地,"the earth, land, soil, fields, ground, place, position, background, distance dì"
chúle,除了,"except, besides"
dàlù,大陆,Ch. mainland
xūyào,需要,"need, want, require, demand"
xiàng,像,be like xiàng
zài,在,indicating an action in progress zài
gěi,给,"give, give to gěi"
suì,岁,"year (for crops), m.[standard], , year of age, year (of age), year, annum, year for crops suì"
qǐng,请,"request, ask (a favor), engage, hire (teacher/etc.), Please..."
yuè,月,moon yuè
xiē,些,m.[proximation]
míng,名,m.[general]
lìng,另,det.: another lìng
ruò,若,"conj.: if, as if"
yì,亦,"also, too yì"
dìqū,地区,"section, country, area, latitude, zone, terrain, parts, locality, sector, province, prefecture, region, district, faubourg"
jìshù,技术,"mechanics, know-how, prowess, science, Minerva, superior skill, art, competence, technology, craft, craftsmanship, skill, education, technique, artistry, engineering, technological, equipment, technical"
zhì,至,"to, until, till zhì"
tèbié,特别,"unusual, specially"
qíshí,其实,"as a matter of fact, actually, in fact"
guójì,国际,international
búyào,不要,"never, noway, don't want, don't (do sth.)"
fāshēng,发生,"happen, occur, take place"
cānjiā,参加,"join, attend, take part in, give (advice/etc.)"
yīdìng,一定,must
qízhōng,其中,"among, of them, in it, among them, which, them, det.: it, in, in which"
wèn,问,"ask, examine, question, interrogate wèn"
táiběi,台北,"capital of Nationalist China, capital of Republic of China on Taiwan, Taipei"
bāokuò,包括,"consist_of, consist of, subtend, embrace, comprise, incorporate, embody, involve, count, subsume, take_in, comprehend, incorporation, include, comprize, run, cover, package, consist in"
jiǎng,讲,"discourse, utter, talk, negotiation, make clear, negotiate, parley, pay attention to, speak, syllable, discuss, explain, tell, be particular about, explanation, interpretation, interpret, relate, discussion, stress, mouth, say, remark, verbalize jiǎng"
zàochéng,造成,"make_for, give rise to, create, set_up, strike, creation, cause, contribute, bring_about, procure, give, bring about, cut_out, necessitate, shape, present, bring_forth, generate, yield, make, breed"
kàn,看,"think, consider kàn"
xiàng,像,"be like, resemble xiàng"
cháng,常,"often, usually, frequently cháng"
jí,即,"at present, in the immediate future, then, promptly, at once"
xǐhuān,喜欢,"like, love, be fond of, be happy/elated"
qù,去,"go, go to qù"
méi,没,not
chūxiàn,出现,"appear, arise, emerge"
zhèngzhì,政治,"paternalism, trouble, government, policy, political relation, political science, polity, politics, political affairs, political"
huà,话,"words, thing, language, tongue, talk, speech, spoken_language, conversation, utterance, expression, story, tale, saying, natural language, sayings, word"
zǒu,走,"scram, travel, foot, go away, evaporate, ankle, waltz, step, bugger off, etc., go through, leave, leak, run, buzz off, leg, pad, fork, visit, go, escape, lose flavor, work, call on, strike, sashay, trace, pursue, gang, lose shape/etc., get_along, come_along, walk, hoof it, lose flavor/shape/etc., leg it, let out, shape, drive, cover, take, get, hoof, move zǒu"
dānwèi,单位,"department, unit, denomination, module, building block, unit of measurement, monad, unit (in measurement or organization)"
yīzhí,一直,"e'er, away, continuously, all the way, right, forever, all_along, always, the whole way, all along, straight, slap, through, ever, evermore"
ba,吧,particle: used to show mild imperative or uncertainty
shìfǒu,是否,"whether or not, is it so or not"
dāngrán,当然,"certainly, of course"
zhěng,整,det.: exact zhěng
chǔlǐ,处理,"handle, deal with, dispose of, process"
lìshǐ,历史,"past records, historical, history"
liǎojiě,了解,"understand, comprehend, find out, acquaint oneself with"
nà,那,"then, in that case"
zěnme,怎么,how
jīhuì,机会,"scouth, occasion, good luck, hap, liberty, fortune, opportunity, chance, joss, hazard, happy chance, probability, luck, scope, room, break, turn, opening"
jiā,家,m.[general] jiā
tīng,听,"hear, list, hearken, obey, obedience, listen, heed, administer, let, allow, hark"
suǒyǒu,所有,det.: all
zhǐyào,只要,"conj.: so long as, provided"
péngyou,朋友,"amigo, connections, kith, friend, boy, crony, ami, boy/girl friend, companion, mate, boy friend or girl friend, compadre, boy friend, Mac, paisano, matey, old_boy, sport, folks, pard, hearty, Kamerad, cocker, cobber, girl friend, pardner, company"
lìng,令,"make, cause lìng"
shènzhì,甚至,"even (to the point of), so much so that"
yòng,用,"use, employ, apply, eat, drink, spend yòng"
zhēn,真,"really, truly, indeed, clearly"
liù,六,det.: six liù
ya,呀,"particle: replacing 啊 when preceding word ends in a, e, i, o, or (y)u; used in direct address and exclamation; indicating obviousness/impatience/suggestion; used for confirmation"
qíngkuàng,情况,"event, things, state of affairs, circumstantiality, case, circumstances, way, plight, experimental condition, streak, military situation, matter, condition, mood, circumstance, context, occasion, thing, instance, affair, shape, situation, juncture, consideration"
háishì,还是,"still, nevertheless"
qián,钱,"copper coin, cash, money, fund, sum qián"
fāngfǎ,方法,"know-how, plan, attack, system, stepping-stone, manner, method, gateway, idea, measure, way, guise, key, wise, quomodo, plan of attack, tack, machinery, process, avenue, modus, how, means, channel, gate, approach, agency, gamesmanship, mode, medium, sort"
diǎn,点,m.[proximation] diǎn
rènhé,任何,"aught, det.: any"
jīngyàn,经验,experience
yìshù,艺术,"beaux-arts, aesthetical, artistic production, artistic, ars, art, academy, aesthetic, artistic creation, skill, craft, artistry, esthetic"
nǐmen,你们,"you, you (plural), you-all"
shí,十,det.: ten shí
zhǔyào,主要,"main, chief, principal, major"
māmā,妈妈,"mummy, mammy, ma, mother, mamma, mum, mommy, female parent, mom, Mama, mater, mama, momma"
zēngjiā,增加,"increase, raise, add"
tíchū,提出,"put forward, pose, raise"
wèishéme,为什么,"why, why?, how come, why is it that?, whereat, whereto"
yǐ,以,"conj.: in order to, so as to"
nín,您,you nín
jìhuà,计画,"plan, project, program"
zuò,作,"do, make, rise, write, compose, pretend, affect, feign zuò"
lìyòng,利用,"use, utilize, take advantage of, exploit"
dōngxī,东西,"thing, creature"
zài,在,"exist, live, be at/in/on, depend on, rest with zài"
tiáo,条,"bar, item, short note, a long narrow piece, streak, clause, stripe, sth. long and narrow, filet, m.[general], , article, strip, assize, twig, ingot, slip tiáo"
shèjì,设计,"design, plan"
zhǎo,找,"look for, seek, call on, approach zhǎo"
zhījiān,之间,"among, between"
chéngzhǎng,成长,"grow up, mature"
nénggòu,能够,"can, able, would, may"
juédìng,决定,"decide, resolve, make up one's mind, determine"
xuéxí,学习,"study, learn, emulate"
shéi,谁,"who, someone, anyone"
jiàn,见,"see, be exposed to, become visible, call on, refer to, meet with, appear to be, appear, vide, catch sight of, meet jiàn"
bàn,半,det.: half
shídài,时代,"day, period, a period in one's life, epoch, present time, historical period, time, chapter, period in one's life, modern times, historic period, contemporary world, times, era, modern world, age"
wánchéng,完成,"fill in, finish out, fulfil, practice, complete, finish, encompass, clear_up, top_off, cleave, top off, accomplishment, make out, effect, perfective, fulfill, go through, exercise, discharge, fill out, completion, end, run, bring ... to fruition, round_out, achieve, execute, round out, make, cap off, accomplish, practise, follow through, come, finalize, fulfilment, dispatch, bring ..."
dài,带,"look after, raise dài"
xiāngdāng,相当,"quite, fairly, considerably"
tóngxué,同学,"class fellow, fellow student, condisciple, classmate, schoolmate, schoolfellow, form of address used in speaking to a student"
jiàn,件,"correspondence, paper, document, bit, m.[general], , single item, letter, piece jiàn"
nénglì,能力,"department, potency, ability, acquisition, acquirement, capacity, performance, oomph, sufficiency, energy, competence, accomplishment, size, might, faculty, hand, coequal, efficiency, inner resources, capability, giftie, attainment, capableness, zip, skill, competency, power"
biérén,别人,"others, other people, another person"
shēngmìng,生命,"breath, god, head, anima, days, organism, blood, life, living thing, skin, longevity, being, vital, life form"
xià,下,"below, under, underneath xià"
lái,来,time (since) lái
cháng,场,m.[event] cháng
huìyì,会议,"synod, moot, conference, board, convocation, soviet, congress, talks, indaba, negotiation, junta, group discussion, convention, meeting place, session, council, rendezvous, colloquy, coming together, powwow, seance, meeting, forum, consultation, roll-up, get-together, assembly"
róngyì,容易,easy
kāifā,开发,"develop, open up, exploit"
mínzhòng,民众,"civil, crowd, masses, populace, rank_and_file, the masses, the masses of the people, the populace, demos, mob, multitude, plebs, commons, the common people, the people, million, public"
shìqíng,事情,"proposition, pie, shebang, thing, affair, occasions, undertaking, concern, question, business, schmear, matter"
shū,书,"volume, document, style of calligraphy, book, script, letter shū"
shìshí,事实,"mood, circumstance, fact, factual, reality, verity, case, deed, sooth, troth, actuality, truth, matter, matter of fact"
yǒuguān,有关,be related
zì,自,"from, since zì"
zǔzhī,组织,"tissue, nerve, weave, organization, organized system"
yán,言,"say, talk, speak"
duō,多,"more than the correct/required number, much/far more duō"
ài,爱,"love, like, be fond of, be keen on, cherish, be apt to"
jiànlì,建立,"establish, set up, found"
xiāngguān,相关,"cognate, relational, interrelate, associated, be interrelated, relevant, related, be mutually related"
jūn,均,"without exception, all"
chǎnshēng,产生,"come into being, produce, engender, emerge"
duō,多,"det.: more than, much more duō"
yèzhě,业者,"dealer, interest"
jiějué,解决,"solve, resolve, settle, dispose of, finish off"
wánquán,完全,"completely, fully, wholly, absolutely"
dehuà,的话,conj.: if
jiēshòu,接受,"receive (honors, have, receive, acknowledge, sweep up, espouse, etc.), come to grips, adopt, embrace, greet, welcome, hook on, seize on, take up, accede, taken, entertain, latch on, buy, fasten on, swallow, imbibe, accept, receive (honors/etc.), undergo, get to grips, take, adapt, acceptance, thole"
zhī,知,"tell, notify, inform, be expert in, know, sense, be aware of, administration, notification, administer, be in charge of, realize zhī"
yuē,约,"about, around"
yībān,一般,"general, ordinary, common"
tuīdòng,推动,"push forward, promote"
guòchéng,过程,"unconscious process, mechanism, process, act, round, course"
guǎnlǐ,管理,"manage, supervise, take care of"
gōngnéng,功能,"functional, niche, function, competence, capacity, anatomy"
shǒu,手,hand shǒu
dǎ,打,"generalized verb of doing with specific meaning determined by its object, strike, hit, fight, construct, forge, mix dǎ"
shuǐ,水,"water, H2O, liquid, bubble, a general term for rivers, lakes, seas, etc., Shiu, waters, aqueous, Aquarius, river, Surname, blister, drink, eau, aqua"
yāoqiú,要求,"request, demand"
xiǎopéngyǒu,小朋友,"child (adult address to child), little boy, children, little boy/girl, girl, little girl, little boy or girl, child"
jiàoshòu,教授,professor
nán,难,"make difficulties, take to task, put ... into a difficult position, disagreeable, make difficult, unpleasant, hard, difficult, troublesome, blame"
wǒguó,我国,our country
gàosù,告诉,"tell, preach, notify, impart, inform, represent, apprize, send word, share, advise, give notice, apprise, assure, let know"
nèiróng,内容,"subject_matter, content, cognitive content, internal, contents, mental object, meat, substance, matter, lining"
jiéguǒ,结果,"result, outcome, consequence"
diàochá,调查,"investigate, look into, survey"
jiātíng,家庭,"hearthstone, background, fireside, establishment, household, hearth, domestic, hearthside, menage, home, family unit, family, house"
chénglì,成立,"found, establish, be tenable, hold water"
xuǎnzé,选择,"select, opt"
jīngyíng,经营,"manage, run, engage in"
ránér,然而,"conj.: even so, but"
fùmǔ,父母,"parental, parents, father and mother, folks"
xiě,写,"description, bewrite, direct, describe, pencil, draw, paint, inscribe, write, depiction, write_out, throw_off, depict, address, author, screeve, word, compose xiě"
rénlèi,人类,"man, wight, human_being, human, human race, mankind, individual, human species, Homo_sapiens, populace, creature, hominid, world, mortality, microcosm, humans, humanitarianism, humanity, humanness, human beings/species, people, species, humankind, human beings, public, mortal"
zhìyū,至于,as for/to
mǎi,买,"pick up, invest, hire, buy, purchase, put_down, trade, get mǎi"
yóuqí,尤其,especially
pèihé,配合,"coordinate, cooperate"
jìnrù,进入,"go_into, get_in, debouch, get in, go into, move into, come_into, pass, step_in, lapse, get_into, set in, go in, get into, kick in, penetrate, intromission, pierce, come_in, come in, enter, entry, sink, impenetrate"
lìrú,例如,"for instance/example, e.g., such as"
děi,得,"should be, need děi"
tǎolùn,讨论,"to discuss, to take something up with someone, to talk about"
yī,依,"according to, judging by yī"
zuòpǐn,作品,"writing, musical composition, whole kit and caboodle, works (of literature, artwork, kit and caboodle, product, whole works, creation, full treatment, kit and boodle, whole kit and boodle, works (of literature/art), composition, thing, piece of music, workpiece, output, art), written material, opus, whole shebang, whole caboodle, production, whole kit, piece, workmanship, wo"
qíngxíng,情形,"circumstance, trimness, event, trim, instance, state of affairs, case, circumstances, status, situation, condition"
zīyuán,资源,"resource, natural resources, mine, resources"
yuányīn,原因,"origin, causation, reason, wherefore, causal, breeder, spore, cause, causal agent, whence, causal agency, occasion, root, subject, causality, why, starter"
lā,啦,particle: used when informing sb. of st.; indicating excitement/doubt/comfort/etc.
nǐ,妳,you(female) nǐ
yùndòng,运动,"sports, athletics, exercise, movement, campaign"
guānniàn,观念,"conception, intension, theory, philosophy, idolum, connotation, idea, sense, presentation, notion, concept, construct, intellection, presentment, thought, notional, conceit"
gěi,给,"for, for the benefit of, by (in passive cons.) gěi"
ruǎntǐ,软体,software
pǐnzhí,品质,"calibre, appraisal, caliber, character, self, intrinsic, brew, quality, timber, sort"
jīngguò,经过,"pass, go through, undergo"
rúcǐ,如此,"thus, like this, such"
ēn,嗯,"O.K., How come, Huh, What, Why, Agreed!, well, um"
jīngshén,精神,"god, guts, heart, pneuma, consciousness, vigor, life, energy, vim, courage, esprit, moral, get-up-and-go, ginger, vitality, Psyche, psyche, spunk, gumption, juice, sand, mind, mental, mens, mickey, mettle, nature, grit, oomph, genius, vigour, substance, psychic, backbone, nous, nerve, pazazz, essence, pep, spirit, inward, drive, push, soul, gist"
yǐngxiǎng,影响,influence
zhī,之,"it, him, her, this zhī"
guò,过,"pass, cross, transfer (e.g., ownership), undergo a process, go through, celebrate, observe guò"
hǎoxiàng,好像,"seem, be like"
chéng,成,"become, turn into chéng"
cānyū,参与,participate in
yǐhòu,以后,"afterwards, later, future, in the future, hereafter"
yūshì,于是,"conj.: thereupon, hence, consequently, as a result"
bùfèn,部分,"partial, department, section, partialness, slice, pars, part, det.: part, percent, partage, sphere, component, divvy, segment, portion, fraction, sector, chapter, share, percentage, piece, division, sectional, parcel"
lìngwài,另外,"conj.: in addition, besides, moreover"
gōngyuán,公园,"common, green, garden, commons, park"
tòuguò,透过,via
xùnliàn,训练,training
nǔlì,努力,"make great effort, try hard"
yánjiù,研究,"research, study"
jùyǒu,具有,"be provided with, have, have got, possess, hold, possession, carry, inhere, bear"
gòngtóng,共同,"common, joint"
suǒwèi,所谓,so-called
xià,下,"det.: next, second xià"
xíngwéi,行为,"fact, demeanor, form, deportment, dealing, behavior, doings, course, act, point, goings-on, demeanour, procedure, lapse, going, bearing, turn, behaviour, activity, ongoing, thing, human action, conduct, commitment, human activity, behavioral, agency, deed, comportment, action"
hézuò,合作,"cooperate, collaborate, work together"
jīng,经,"as a result of, through, after jīng"
hézuò,合作,"cooperate, collaborate, work together"
mùbiāo,目标,"polestar, objective, goal, bourn, object, meaning, aim, end point, target, cause, landmark, butt, lodestar, bull's eye, mark, tee, cynosure, end, bell ringer, loadstar, quaesitum, destination"
qǐlái,起来,[aspect]
kǎolù,考虑,"think over, consider"
cháng,长,"long, be strong/good (in/at) cháng"
yìjiàn,意见,"latitude, point_of_view, estimation, sight, conceit, verdict, hypothesis, attitude, estimate, possibility, judgement, appraisal, ground, slant, differing opinion, ruling, complaint, thinking, suggestion, comment, advisement, mind, apprehension, say, vote, impression, deliverance, view, understanding, feeling, idea, notion, sentiment, judgment, advice, current, opinion, advert, theory, v"
bànfǎ,办法,"road, expedient, policy, agency, measure, way, method, means"
yīnyuè,音乐,music
lián,连,conj.: including
shòu,受,passive signifier shòu
chǎngshāng,厂商,"factory owner, factories and stores, firm, maker, business organization, business concern, manufacturing business, concern, manufacturer, business"
zhī,只,m.[general] zhī
shòudào,受到,"experience, receive, come in for, suffer, undergo, come_in_for, be given, come_to, be subjected to"
yīqiè,一切,"det.: everything, every"
huòshì,或是,"conj.: or, perhaps"
zhōngyāng,中央,central authorities (of state/party/etc.)
mǒu,某,"det.: some, certain"
nǔxìng,女性,"lady, female sex, womankind, feminie, female, sex, petticoat, femininity, female person, woman, she, patroness, womanhood, fair, feminine"
jiāoxué,教学,teach and study
jí,极,"extraordinary, unusual, special, very, extremely, highly jí"
huòdé,获得,"find, cop, acquirement, come_into, gain, draw, pick_up, pull, achievement, score, procure, come_by, get hold, purchase, nab, come upon, derive, latch, incur, achieve, make, bring, receive, arrive, come_out, pocket, obtain, luck into, sack, win, enter upon, pick up, garner, harvest, attain, come up, line up, extract, secure, possess, earn, reap, accrue, cover, take, acquire, get, arrive_at"
zhēnde,真的,"really, truly, indeed"
lù,路,"road, path, way, journey, distance, means, sequence, logic, line, region, district, route, sort, grade, class lù"
lái,来,particle: used to denote the beginning of an action lái
kuài,快,"fast, quick, quick-witted, ingenious, sharp (of knives), straightforward kuài"
guóxiǎo,国小,"primary/elementary school, primary school"
bùfèn,部份,"composition, segment, section, side, portion, slice, proportion, part, det.: part, share, component, division, phase, place, piece"
gōngchéng,工程,"process, construction, engineering, engineering project, project"
nǔrén,女人,"jade, crumpet, female, female person, Gill, bitch, chick, fair, squaw, womenfolk, adult female, doll, momma, wench, skirt, womankind, girl, jill, wife, broad, petticoat, sister, woman, bimbo, bird, jane, she, hen, hairpin, dame, women"
jǔxíng,举行,hold (meeting/etc.)
jù,句,"sentence, m.[general], jù"
zhǐshì,只是,"merely, only, just, simply be"
duàn,段,m.[general] duàn
gēnjù,根据,"on the basis of, according to"
xiànxiàng,现象,"phenomenon, phenomenal, appearance"
rénmín,人民,"multitude, citizen, quarter, Volk, hoi polloi, subject, people, nationals, masses, the people, mass, demotic"
tǔdì,土地,"country, acre, terra, soil, premise, realm, territory, dirt, local god of the land, farming, earth, ground, kingdom, holding, agrarian, solid ground, benefice, esplees, tract, village god, glebe, terra firma, land, dry land"
miànduì,面对,"face up, stand up, face, look_out_on, confront, front, affront, envisage, accost, breast"
zhùyì,注意,"pay attention to, take note of"
zhèlǐ,这里,"this place, there, here"
xīnwén,新闻,"unco, leak, intelligence, newsworthiness, witting, journalistic, information, journalism, courant, news"
jìxù,继续,"go, resume, keep_on, abide, come on, persist in, extend, run_on, run on, carry_on, stretch, sustain, pursue, keep going, continuance, get_along, get_on, remain, continue, keep_up, go ahead, keep up, come up, continuation, hold, carry, run, go_on, maintain, go on, bide, plow ahead, hold_on, piece, restart"
xiāngxìn,相信,"deem, believe, credit, esteem, accredit, feel, trow, count, have faith in, guess, lippen, buy, be convinced of, hold, think, trust, accept, know, hone, believe_in, favour, believe in, hope"
zhèngcè,政策,"statism, tack, line, policy, statecraft"
biànchéng,变成,"grow_into, change into, go, form, grow into, change state, develop into, turn to, fall, turn_into, be, turn, become, turn into, grow, run, get"
jìhuà,计划,"plan, project, program"
qiángdiào,强调,"underscore, spotlight, place emphasis on, point_up, highlight, point, point up, enforce, emphasise, urge, underline, overstress, give emphasis to, play up, keynote, insist, punctuate, accent, betone, foreground, emphasize, emphatic, stress, set off, overemphasize, accentuate, bring out"
xué,学,"study, learn, imitate, mimic xué"
rénshì,人士,"public figure, personage"
qián,前,front qián
qián,前,"det.: former, preceding qián"
cúnzài,存在,"exist, be"
zhìdù,制度,"ism, organization, dispensation, regimen, machine, regulations, form, system, regime, organisation, economy, institutional, institution"
yìyì,意义,"importance, significance, denotation, purport, drift, signality, emptiness, meaning, construction, bearing, substance, import, effect, insignificancy, hang, signification, sense"
dàibiǎo,代表,"representative, delegate"
kèchéng,课程,"course of instruction, lesson, course, course of lectures, course of study, curricular, class, curricula, syllabus, curriculum, program"
gāi,该,"ought to, should gāi"
méi,没,"not have, there is not, be without méi"
zhì,至,conj.: zhì
xūqiú,需求,"need, requisition, demand, want, desiderative, requirement, call"
rénshēng,人生,"lifetime, life, lifespan, human life, time of life"
nǎxiē,那些,det.: those
chénggōng,成功,succeed
bàbà,爸爸,"old man, father, papa, pappa, daddy, pa, begetter, pop, dada, dad, male parent, pater, pappy, pops, poppa"
chǎnyè,产业,"estate, manufacture, industry, domain, manufacturing, property"
fùzé,负责,"preside, be responsible for, see, entail, sponsor, be in charge of, blame, answer, undertake, liable, respond"
mínjiān,民间,"grass roots, people-to-people, nongovernmental, among the people, folk, popular"
suī,虽,"conj.: though, although, even if"
yǐngxiǎng,影响,"influence, affect, effect"
zhíjiē,直接,"direct, immediate"
jīhū,几乎,"chiefly, anear, about, near, just_about, most, well-nigh, almost, closely, practically, intimately, all but, nearly, just about, virtually, much, nigh"
fèn,分,m.[general] fèn
shíjì,实际,"practical, literal"
tuántǐ,团体,"fraternity, sect, phalanx, collective, body, group, sodality, element, organisation, corporation, confession, college, establishment, brotherhood, community, organization, squad, union, administration, society, army, commonwealth, consort, company, lineup, combine, governance, clan, combination, fellowship, organizational, bloc, team, party, connection, family, brass, squadron"
jiàzhí,价值,"value, worth"
shǐdé,使得,"render, wreck, compel, cause, make"
lèi,类,m.[kind] lèi
xíngchéng,形成,"take shape, form"
kējì,科技,"technology, tech, engineering science, applied science, science and technology, technological, engineering"
zhèmo,这么,"so, such, this way, like this"
dāng,当,"assume office of, take charge of dāng"
qī,七,det.: seven qī
búdàn,不但,conj.: not only
wǎng,往,go toward wǎng
běnshēn,本身,"per se, self, oneself, identity, itself"
biāozhǔn,标准,"standard, criterion"
sìhū,似乎,"it seems, quasi, apparently, seemingly, as if"
yìngyòng,应用,"application, use"
huòzhě,或者,"conj.: or, either...or..."
dòngwù,动物,"thing, critter, crittur, zoic, anthropomorphism, animal, deer, animate being, beast, creature, burrow, sire, worker, fauna, brute"
diànhuà,电话,"blower, phone call, headphone, earpiece, telephone, telephone_call, buzz, earphone, horn, telephone set, phone_call, telephony, phone"
tàidù,态度,"stance, treatment, demeanor, dealing, deportment, pose, behavior, manner, demeanour, way, bearing, attitude, air, behaviour, front, mien, conduct, mental attitude, approach, posture, address, position, bedside_manner, movement, gesture, comportment, presence, sort"
jiànshè,建设,construction
shìyè,事业,"proposition, task, pidgin, institution, undertaking, deed, facilities, life history, endeavour, endeavor, cause, career, project, action, enterprise"
lǎo,老,"old, aged;of long standing, outdated, tough, overgrown, dark (of colors) lǎo"
nàmo,那么,so
chángcháng,常常,"oftentimes, ofttimes, commonly, ordinarily, oft, often, a great deal, normally, frequently, unremarkably, much, usually"
zì,字,"graphic symbol, writing, pronunciation (of a word), form of a written character, receipt, printing type, script, name taken at the age of 20, courtesy name, wordage, character, grapheme, contract, scripts, symbolic representation, style of handwriting, word zì"
zuò,坐,"sit, take seat zuò"
jǔbàn,举办,"conduct, hold, run"
zìwǒ,自我,"self, oneself"
yǒude,有的,det : some
jù,具,"possess, have, provide, furnish jù"
mùdì,目的,"view, pretence, objective, goal, purport, intention, bourn, object, motive, motivation, meaning, aim, end point, hent, target, scope, sense of purpose, errand, purposefulness, sake, function, end, purpose, quaesitum, intent"
kuài,块,m.[general] kuài
tiáojiàn,条件,"mood, formula, conditional, precondition, prerequisite, requisition, factor, qualification, requirement, stipulation, proviso, circumstances, provision, term, reservation, if, condition"
jíshǐ,即使,"conj.: even, even if/though"
hǎo,好,"very, quite, good to, easy to hǎo"
shífēn,十分,"very, fully, utterly, extremely"
duōshǎo,多少,"det.: how many, how much, many"
fàng,放,"loose, bloom, make longer, set ... free, let sb. have his own way, show, readjust, free, make larger, put in, fly, etc., release, discharge, leave alone, bung, lay aside, put, expansion, make longer/larger/etc., fling, localize, lend (money) at interest, let go, set, pasture, pose, set free, blossom, lay, let off, put out to pasture, send away, play, expand, make larger/etc., readjus fàng"
yòu,又,"conj.: and, in addition, but, on the other hand"
diànyǐng,电影,"cinematography, moving_picture, pix, kinema, picture, film, movie, moving picture, flick, cinema, motion_picture, cinematic, celluloid, picture show, motion picture, flicker"
kēxué,科学,"ology, scientific, science, scientific knowledge"
zhíxíng,执行,"carry out, execute"
biān,边,"border, boundary biān"
wěiyuánhuì,委员会,"board, soviet, commission, committee, court, citizens committee, mission, delegacy, deputation, delegation, council"
gōutōng,沟通,"communicate, link up"
kāi,开,"open, open up, reclaim (land), open out, come loose, start, begin, operate, turn on (light), run (business), hold (meeting/etc.), divide into, reveal kāi"
yīqǐ,一起,"in_chorus, together, in all, in the same place, holus-bolus, altogether, in company"
zhāng,张,m.[general] zhāng
zhēnduì,针对,"in the light of, in connection with"
yuángōng,员工,"employee, personnel, reason, force, staff, cause"
yǐnqǐ,引起,"elicit, beget, causation, give rise to, incite, pique, engender, bring_on, trigger, fire, compel, kick_up, superindividual, draw, spawn, invite, touch_off, occasion, lead, bring_about, procure, touch off, raise, enkindle, give, poke, produce, capture, generate, stir, arouse, excite, put forward, provoke, breed, bring, conjure up, grip, create, kindle, tempt, set_up, interest, give rise, enga"
zìrán,自然,natural world
nàmo,那么,"like that, in that way"
ānquán,安全,"safe, secure"
zǒngtǒng,总统,president (of a republic)
cǐwài,此外,"conj.: besides, in addition, moreover"
yǒngyǒu,拥有,"occupy, have, receive, aught, hold back, keep, keep back, owe, retain, own, possess, possession, hold, seize, take, acquire, corral, hold on"
bìngqiě,并且,"conj.: and, besides, moreover"
shìjiàn,事件,"fact, event, page, incidental, go, case, job, natural event, timing, proceedings, social occasion, happening, occurrence, matter, occasion, incident, shebang, affair, chapter, concernment"
shèjì,设计,"plan, design"
yánjiùsuǒ,研究所,"graduate_school, research institute, school, laboratory, graduate school, institute"
yǔyán,语言,"linguistic communication, lingual, language, idiom, tongue, oral communication, speech, perspicuity, lingo, contumely, Fortran, parole, natural language, spoken language, linguistic process"
yánzhòng,严重,"serious, significant, acute, critical, severe, grave"
gùshì,故事,"spiel, recital, relation, scam, rede, plot, yarn, narration, story, fiction, tale, history, legend, narrative"
xuéshù,学术,"ology, academic, systematic learning, science, learning"
piàn,片,m.[general] piàn
shèbèi,设备,"installation, set, device, appointment, plant, fixing, system, appliance, fixture, fitting, accommodation, fitment, finishing, unit, furnishings, materiel, contrivance, paraphernalia, facilities, rig, equipage, setout, facility, fixings, equipment"
zhīwài,之外,"beyond, apart from, excluding"
chē,车,vehicle chē
jīběn,基本,"fundamental, essential, main"
shízài,实在,"indeed, really, honestly, in fact, as a matter of fact"
jiǔ,久,"for long time, of specified duration jiǔ"
tào,套,m.[general]
dádào,达到,"extend to, find, fulfil, compass, encompass, extend, gain, answer, achievement, succeed, fulfill, live_up_to, attainment, strain, bring_up, achieve, get to, touch, strive, make, accomplish, progress to, come, hit, come_out, obtain, reach, attain, clock_up, suffice, do, get, arrive_at"
gǎishàn,改善,"improve, perfect"
sǐ,死,die sǐ
jiégòu,结构,"constitution, configuration, framing, structural, design, underframe, framework, construction, structure, schematism, economy, fabric, mechanics, composition, machinery, contexture, texture, constellation, fable, ordonnance, skeleton, organization, frame, architecture, chemistry, make"
zhù,住,"inhabit, cease, stay, visit, shack, dwell, stop, people, live, reside, populate, dig zhù"
jiē,皆,"all, everyone jiē"
gǎibiàn,改变,"change, transform"
ná,拿,"take, hold, seize, capture ná"
xiǎozǔ,小组,"squad, section, unit, group"
zhīchí,支持,"sustain, hold out, bear;support, back, stand by"
zuò,座,"fare, stand, base, constellation, footstall, pedestal, m.[general], , customer, Aquarius, seating, plinth, place, seat zuò"
yīyuàn,医院,"spital, hospital, infirmary, hospice"
jì,既,conj.: since...then jì
jǐn,仅,"scantily, simply, alone, merely, barely, only, but, just jǐn"
zhíde,值得,"be worth, merit, pay, rate, behove, worthwhile, worth, worthy, deserve, call_for, command"
xuézhě,学者,"academic, literate, pandit, letters, litterateur, learned person, literati, philomath, pundit, academician, faculty member, scholar, bookman, clerk, student, scholarly person, man of letters, man of learning, speleologist, doctor, clerisy, initiate, swami, punditry, savant, learned man, sophist"
bā,八,det.: eight
jiāotōng,交通,"intercourse, commutation, transportation, communication, commuting, traffic, traffic_light, liaison man, communications, dealings, liaison"
jiēduàn,阶段,"staged, period, phase angle, stage, gradation, level, peg, grade, remove, phase, leg, step"
jiùshì,就是,"conj.: even if, even"
shēnqǐng,申请,apply for
zhǔguǎn,主管,person in charge
shēnqǐng,申请,apply for
tóng,同,"det.: simialr, same"
gǎnjué,感觉,"sense perception, feeling"
diànshì,电视,"TV, box, iconoscope, video, television set, teevee, orthicon, huckster, TV set, radiovision, television, telecasting, airwave, telly"
mǔqīn,母亲,"venter, materfamilias, mother, mither, sultana, maternal, female parent, mater"
má,嘛,particle: used to persuade someone to do something; used to emphasize the obvious má
xiānggǎng,香港,Hong Kong
jìzhě,记者,"journalist, writer, correspondent, newspaperwoman, newspaperman, gazetteer, newswriter, reporter, pressman, newshound, newsman, newsperson"
yālì,压力,"force per unit area, P, strain, overwhelming force, pressure sensation, burdensomeness, oppressiveness, pressure, onerousness, stress, compulsion, constraint, muscle, lading"
kuàilè,快乐,"happy, cheerful"
hē,喝,drink hē
gǎn,敢,"dare, make bold, have courage to, be sure, have confidence to, venture, have the confidence to, be certain gǎn"
yuàn,院,"public facility, college, courtyard, designation for certain government offices and pub, hospital, clinic, branch of government, university, institutes, compound, abbey, academy, institute, yard, educational institution, faculty"
yěxǔ,也许,"possibly, peradventure, conceivably, assumedly, mayhap, doubtless, ablings, perhaps, perchance, potentially, probably, maybe, presumably, ablins, just"
rénmen,人们,"workforce, hands, work force, folk, people, they, the people, men, manpower, common people"
tán,谈,"talk, chat tán"
shēngchǎn,生产,"produce, manufacture"
pà,怕,"I'm afraid, dread, funk, I suppose, be afraid of, fear pà"
jiù,就,"prep.: with regard to, concerning"
shēntǐ,身体,"soma, system, physical structure, body, health, carcase, corpus, frame, person, somatic, organic structure, personage"
guīdìng,规定,"rules, disciplines, regulations"
chéngdù,程度,"latitude, rate, degree, point, measure, way, grade, gree, pitch, cut, length, plane, stage, level, extent, scale, notch"
jījí,积极,"positive, active, energetic, vigorous"
zhīshì,知识,"lear, know-how, understanding, ken, instruction, science, sophistication, consciousness, light, awareness, cognizance, knowledge, lore, mastery, know, cognition, acquaintanceship, mind, intellect, knowingness, equipment"
zuòwéi,作为,"regard as, look on as, take for"
jīgòu,机构,"internal structure of an organization, motion, gadget, instrumentality, institute, organ, mechanism, gear, representation, mechanics, machinery, apparatus, establishment, institution, means, organization, agency, setup, delegacy, outfit"
érshì,而是,"conj.: if not A, then B"
gǔlì,鼓励,"encourage, urge"
jiǎosè,角色,"theatrical role, character, persona, part, function, office, fictional character, actor, fictitious character, personage, role"
zhuàngkuàng,状况,"repair, background, picture, state (of affairs), state of affairs, status, gear, scene, setting, scope, condition, state, circumstance, trimness, context, showing, trim, factor, condition/state (of affairs), situation, shoes, consideration, place"
zhuānjiā,专家,"guru, pundit, adept, expertise, professional person, specializer, specialist, proficient, whiz, oner, expert, swami, savant, dab, professional, authority, stunner, technician"
jù,据,"according to, on the grounds of jù"
qīngchǔ,清楚,clear
bùjǐn,不仅,conj.: not only
bǐsài,比赛,"match, competition"
wán,玩,"amuse oneself, treat lightly, have fun, resort to, enjoy, appreciate, play, toy, trifle with, employ, disport, shoot, amuse onself wán"
xiàoguǒ,效果,"operation, execution, result, effect, background, sound effects, purpose, point, background signal, fruitage, outcome, force, punch"
yuè,越,~A~B) the more A the more B yuè
bǎohù,保护,"protect, safeguard"
gòng,共,"totally, together, in all, in company, altogether gòng"
kāifàng,开放,"lift a ban/etc., be turned on, be in operation"
fùjìn,附近,"neighborship, neighborhood, precinct, vicinity, neighbourhood"
shàng,上,"det.: preceding, previous shàng"
fùqīn,父亲,"parent, father, pere, Pa, begetter, governor, abba, male parent, pater, guv"
zhuānyè,专业,professional
jīngfèi,经费,"finances, monetary resource, expenses, expense, expenditure, pecuniary resource, fund, outlay, funds, outgo, cash in hand"
céngjīng,曾经,"in one case, , one time, formerly, syne, at one time, of all time, once, ever"
gōngzuò,工作,work
yuànyì,愿意,"will, be willing, please, wish, like, care"
fēnbié,分别,"separately, respectively"
zhòngshì,重视,"attach importance to, take sth. seriously, value"
bùshǎo,不少,det.: a lot of
huānyíng,欢迎,"invite, greet, take in, receive, welcome, gratulate, embrace, salute"
xiǎohái,小孩,"kid, tyke, encumbrance, kinchin, youngster, wean, small fry, chick, juvenile, imp, urchin, minor, nestling, prattler, tike, kiddie, tot, fry, bud, mammet, pinafore, nipper, enfant, mite, bairn, chicken, shaver, child, chit, kiddy, infant, tiddler, sprig"
xiǎoshí,小时,hour
zhōngguórén,中国人,"Chinese person, Chinese people, Chinese"
xiǎnshì,显示,"demonstrate, argue, exhibit, prove, display, show, illustrate, manifest, demonstration, announce, stamp, unroll, witness, write, give, evince, dangle, betray, bespeak, say, profess, develop, indicate, signal, flaunt, read, register, manifestation, speak, reveal, evidence, tell, shew, proclaim, discover, stage, bear, establish, record, prognosticate, betoken, note, signalize"
zhōnggòng,中共,Chinese Communist Party
chū,出,"produce, turn out, arise, happen chū"
nánrén,男人,"male, man, chap, mankind, buck, bastard, gentleman, jack, gent, men, blighter, cuss, hombre, lad, adult male, groom, husband, bimbo, dog, fellow, mon, menfolk, fella"
bìmiǎn,避免,"forbear, preclude, refrain_from, forebear, escape, help, elude, leapfrog, refrain from, stave_off, evite, shun, obviate, avoid, evade, waive, help oneself, ward_off, ward, miss, avert, ward off, balk, refrain"
shǔyū,属于,"fall under, be part of, pertain, appertain, belong, relegate, fall into, belong_to, fall_under, reside, belong to, attach"
shíshī,实施,"put into effect, implement"
shēngyīn,声音,"voice, vocal, language, huskiness, vox, vocalization, audio, noise, sonic, tone, sound, phone, audio frequency"
zhǔyì,主义,"tenet, principle, hang, system, ticket, creed, philosophy, school of thought, evangel, ism, gospel, masonry, maxim, doctrine, -ism"
xíngdòng,行动,"action, operation"
bùkě,不可,"cannot, should not, must not"
zhǐyǒu,只有,"can only, have no choice but, to be forced to"
xiàoyuán,校园,"schoolyard, campus"
xìngqù,兴趣,"relish, appetite, zestfulness, dish, cup of tea, pastime, hobby, interest, gusto, bag, avocation, zest"
shān,山,"Shan, jebel, pike, mountain, whitethorn, hump, anything resembling a mountain, gable, kop, chimney, hill, Surname, mount shān"
biǎoxiàn,表现,"manifestation, expression"
dé,得,get dé
huílái,回来,"come back, get_back, recur, revisit, come, return, be back, come_back"
zhǔrèn,主任,"head, principal, captain, chair, director, head teacher, chief, chairman, school principal"
lǐmiàn,里面,"inside, interior"
jīngcháng,经常,"everyday, daily, alway, often, a great deal, frequently, sempre, much, regularly, constantly, evermore, day-to-day"
búzài,不再,no more/longer
diànzǐ,电子,electron
shòu,受,"receive, accept, endure, suffer, be subjected to shòu"
sīxiǎng,思想,"cogitation, mentation, imagery, imaging, lunatic_fringe, mental imagery, idea, thinking, imagination, ideology, thought, pensee, ideological"
tóu,头,"head, hair (style), top/end of sth., chief tóu"
zhōngyū,终于,"in the last analysis, at long last, at last, lastly, ultimately, all things considered, out, on the whole, at_last, eventually, in the final analysis, finally"
xièxiè,谢谢,thank
xiézhù,协助,"assist, help"
chú,除,except
dāngdì,当地,"locality, the place (named/mentioned/etc.)"
zhèngshì,正式,formal (of actions/speeches/etc.)
zhēnzhèng,真正,"true, indeed, certainty"
dī,低,"let droop, hang down, lower dī"
xìng,性,"nature, character, sex, gender xìng"
fèn,份,m.[general] fèn
yīnsù,因素,"consideration, ingredient, constituent, factor, strand, component, element"
tuīchū,推出,present to public
shàng,上,"go up, mount, board, get on, go to, go to, leave for, present, forge/go ahead, enter, place sth. in position shàng"
jiàgé,价格,price
qù,去,particle: used to denote an action away from the speaker or to denote the direction of the action qù
rènshì,认识,"know, recognize"
fāngxiàng,方向,"path, set, directional, aspect, tenor, course, lay, exposure, way, range, aim, trend, direction, bearing, orientation, hand, tack, way of life, quarter, channel, line, heading"
zérèn,责任,"need, care, encumbrance, buck, accountability, blame, obligation, turn, load, responsibleness, incumbrance, responsibility, onus, commission, burden, commitment, loading, trust, pigeon, charge, business, fault, place, liability, duty, guardianship"
shuōmíng,说明,"explain, illustrate, show"
gōngyè,工业,"industrial, industry"
dàliàng,大量,"det.: any numer of, a great many"
zuò,做,"be, become, be used as zuò"
zhújiàn,逐渐,"step_by_step, by degrees, gradually"
xīnlǐ,心理,"mental_state, psychology, mentality"
yīdiǎn,一点,det.: a little bit
gōng,供,"supply, feed, be for (the use/convenience of)"
xū,须,"must, have to"
jiǎndān,简单,"terse, casual, commonplace, simple, oversimplified, ordinary, uncomplicated"
yùnyòng,运用,"utilize, wield, apply"
guānchá,观察,"observe, survey, inspect"
wǎngwǎng,往往,"oftentimes, ofttimes, always, more often than not, frequently, oft, often"
guīhuà,规划,"plan, program"
jiǎnshǎo,减少,"reduce, decrease"
chóngxīn,重新,"over_again, newly, afresh, anew, again"
yèwù,业务,"service, practice, vocational work, line of work, affair, line, occupation, professional work, business, transaction"
bàodǎo,报导,"report,"
réngrán,仍然,"still, yet"
gǎndào,感到,"feel, sense"
kāifàng,开放,"open to the world, open to traffic or public use"
lǐngyū,领域,"demesne, line of business, field of operation, country, background, terrain, realm, part, arena, sphere of influence, setting, territory, precinct, radius, scope, domain, sphere, frontier, orbit, preserve, area, world, kingdom, ambit, signory, province, region, field, universe, hemisphere"
yǒuxiào,有效,"run, stand, valid, effective, efficacious, avail, make, hold"
nǔ,女,"girl, female, woman, neodymium, hen, daughter, beaver, creature"
yào,要,"want/wish (to), ask (for) yào"
cóngshì,从事,"engross, have, join, treat, plow, handle, follow, embark, undertake, attend_to, attack, occupy, absorb, go_into, work, engage, prosecute, go_about, go in for, pursue, be, meddle, embark_on, perform, enter, cover, deal, address, be engaged in, deal with, place, wage"
fāhuī,发挥,"bring into play, give free rein to, develop (idea/etc.), elaborate"
réncái,人才,"talent, capable person, a talented person, qualified personnel, a person of ability"
fǎnér,反而,"conj.: on the contrary, instead"
xíngzhèng,行政,administration
yínháng,银行,"jug, depository financial institution, bank building, banking company, banking concern, bank"
gōnggòng,公共,"common, commonly, publicly, public, communal"
méitǐ,媒体,"mass media, media, medium"
tígāo,提高,"raise, heighten, enhance, increase, improve"
dài,代,"period, generation dài"
zìrán,自然,"naturally, of course, in ordinary course of events"
shèqū,社区,community
lìliàng,力量,"fibre, strength, potency, ability, guts, kick, cogency, point, dint, energy, mightiness, physical strength, demon, force, punch, whiz, tooth, might, forcefulness, exercise, fiber, powerfulness, lift, pith, leverage, agency, push, muscle, power"
ā,啊,"indicating elation, indicating doubt or questioning, indicating puzzled surprise, indicating agreement/approval ā"
jiàoyūbù,教育部,"Education, Ministry of Education, Department of Education, Education Department"
yū,愈,the more...
chāoguò,超过,"overpass, overreach, outwalk, outstrip, overstep, outmarch, distance, pass, overstride, outpace, overtop, surpass, crown, exceed, overtake, preponderate, overrun, top, outrun, go_over, transcend, outrange, transgress, go past, break, excess, overhaul, overshine"
wéichí,维持,"keep, preserve"
jiāzhǎng,家长,"masterman, housemaster, graybeard, patriarch, parent of schoolchildren, patriarchal, goodman, patriarchate, paterfamilias, the head of a family, genearch, patriarchy, householder, head of household, the parent or guadian of a child"
jiéhé,结合,"combine, unite, integrate, link, be joined in wedlock"
xiàozhǎng,校长,"prexy, head, principal, headteacher, schoolmaster, master, warden, president, beak, rector, superintendent, director, head teacher, preceptor, headmaster, chancellor, school principal"
tōngcháng,通常,"normal, commonly, customarily, more often than not, general, usual, on average, as a rule, ordinarily, mostly, as usual, typically, generally, normally, by and large, unremarkably, on the average, usually"
quēfá,缺乏,"be short of, lack"
wěiyuán,委员,"commissar, committee man, committee, committee member, commissioner, committeeman, delegate, board member, commissary"
tèsè,特色,"motif, a character, a characteristic, manner, trait, differentiation, flavor, colour, singularity, distinction, characteristic, hue, stripe, physiognomy, a distinguishing feature, idiom, specialty, character, difference, particular, distinguishing feature, distinguishing feature/quality, salience, coloration, distinguishing quality, specific, feature, peculiarity, artistic st"
jiéguǒ,结果,finally
yǒushí,有时,"now and then, at times, betweentimes, from time to time, sometimes"
jiàoshī,教师,"beak, don, school teacher, schoolman, teacher, schoolmaster, preceptor, professor, pedagogue, schoolteacher, coach, master, instructor, educator, preceptorship"
zhīqián,之前,"before, prior to, ago"
yuǎn,远,"far, distant (lit./fig.) yuǎn"
kòngzhì,控制,"control, dominate, command"
běn,本,m.[general] běn
fǒuzé,否则,"conj.: otherwise, if not, or else"
fǎ,法,"law, method, way, mode, standard, model, legalists, Legalist School, Buddhist doctrine, dharma, magic arts"
shǎo,少,"lack, be deficient, lose, be missing shǎo"
yuánzé,原则,"god, rule, formula, regulation, principle, fundamental, axiom, basis, linguistic rule, faith, principium"
yào,要,"demand, request yào"
liǎn,脸,"map, mug, kisser, puss, visage, snoot, frontispiece, pan, smiler, mazzard, mush, facial, countenance, phiz, figurehead, face, physiognomy, front, human face liǎn"
tōngguò,通过,"adopt, pass, carry (motion/legislation)"
jiànyì,建议,"propose, suggest, recommend"
gōngjù,工具,"stock-in-trade, instrumentality, instrument, ministry, hand_tool, escalator, creature, utensil, material, gear, pawn, lobster-joint, cat's-paw, kit, apparatus, tool, appurtenances, paraphernalia, means, wood, tackle, implement, medium, lever, outfit"
zuòyè,作业,"school assignment, work, task, operation, production"
dá,达,"lead, attain, extend, amount to, ryke, express, attainment, inform, reach"
jiémù,节目,"item, item (on program), programme, act, telecast, number, program"
zhìhuì,智慧,"lore, sapiency, sconce, wit, intelligence, gumption, savvy, wiseness, soundness, wisdom, grey_matter, sapience"
láizì,来自,"come from, originate from, come, stem/originate from, attach_to, stem, come/stem/originate from, hail"
ér,而,conj.: and ér
biànhuà,变化,"change, transformation"
tóngyàng,同样,"same, equal, similar"
xíngshì,形式,"circumstance, form, kind, modality, reading, interpretation, variety, shape, embodiment, species, mode, version, sort"
zhàn,站,to stand zhàn
yǐwéi,以为,"imagine, think/believe/consider erroneously, treat, deem, believe, suspect, suppose, consider erroneously, repute, animadvert, esteem, trow, speak up, feel, count, believe/consider erroneously, calculate, view as, guess, ween, look, expect, think erroneously, think, hold, opine, interpret, sound off, take_for, consider, take for"
jiànkāng,健康,"healthy, sound"
dānrèn,担任,"hold the post of, take charge of, assume, take_charge, fill, shoulder, adopt, skipper, assume the office of, assume office of, act_as, take, act as, play, undertake, take over, take on"
rénkǒu,人口,population
guīhuà,规划,"program, plan"
gāng,刚,"exactly, only a short while ago, just now, barely, only just, just gāng"
tèshū,特殊,"exceptional, special, particular; peculiar, distinctive"
yuánlái,原来,"originally, formerly"
dào,道,"say, speak, talk, think, suppose dào"
fēn,分,"separate, distinguish, differentiate, discriminate fēn"
chuántǒng,传统,"rule, patrimony, legacy, custom, heritage, convention, conventionality, routine, normal practice, common practice, tradition"
zǒngshì,总是,always
qiánwǎng,前往,"depart, cruise, go_to, go, leave, go to, proceed to, pay, seek, leave for"
tóuzī,投资,investment
jiāqiáng,加强,"strengthen, augment, reinforce"
búduàn,不断,"unceasingly, continuously"
duìxiàng,对象,"boy/girl friend, mate, fair game, boy friend, prey, boy, object, quarry, target, girl friend, catch, match"
zhuīqiú,追求,"seek, pursue, woo, court"
jiāshàng,加上,conj.: in addition (to)
bǐ,比,"compare, contrast, emulate, draw analogy bǐ"
sīkǎo,思考,"ponder over, reflect on"
zhìzuò,制作,"make, manufacture"
táiběishì,台北市,capital of Republic of China on Taiwan
qǔdé,取得,"gain, acquire, obtain"
chūlái,出来,"come forward, issue, come up, step up, step to the fore, out (toward one), come_out, pop out, come out, rise, come to the fore, step forward, emergence, come forth, emerge"
jiārù,加入,"join, accede to"
tái,台,short for Taiwan tái
ānpái,安排,"arrange, plan, fix up, provide (meals/etc.)"
értóng,儿童,"kid, nipper, enfant, tyke, youngster, small fry, minor, shaver, nestling, tike, child, chit, fry, children, infant, tiddler, small-fry"
guózhōng,国中,"middle school, junior high school"
fànwéi,范围,"demesne, latitude, shot, compass, extensity, panorama, parameter, boundary, arena, stretch, territory, radius, spectrum, scope, extension, sphere, orbit, circumscription, limits, purview, grasp, extent, region, space, limit, hemisphere, horizon, envelope, bounds, realm, terrain, tether, sphere of influence, range, circuit, domain, precinct, reach, area, length, spread, bailiwick, ambit, con"
lǎorén,老人,"oldster, ancient, old woman, crock, one's aged parents or grandparents, old man/woman, one's aged parents/grandparents, Sir, old person, gaffer, pop, one's aged parents, the aged/old, old_man, senior_citizen, oldie, greybeard, old man, graybeard, old, grandparents, the old, the aged, senior citizen, old_boy, old boy, woman, old-timer, old man or woman, one's aged grandparents"
shuāngfāng,双方,"both, the two parties, two parties, both sides"
tā,牠,it (animal) tā
běijīng,北京,"capital of Red China, Beijing, Peking, Beijing (Peking), Peiping"
niánqīng,年轻,"junior, young"
jiéshù,结束,"end, close, conclude"
jiāo,教,teach jiāo
chéngshì,程式,"formula, instruction, computer programme, pattern, form, modality, subprogram, routine, programme, course, function, subroutine, procedure, mode, order, sequence, computer program, program"
fùnǔ,妇女,"feme, womankind, female, femininity, cummer, woman, femme, quean, bevy, matron, toots, womanhood, feminine, womenfolk, women"
zhǎodào,找到,"light upon, find, discover, run_down, founded, regain, strike, come upon, come across, run down, trace, turn_up, happen upon, get, chance on, chance upon"
bǐcǐ,彼此,"each other, one another, I/me too"
quánqiú,全球,"global, whole world"
chéngběn,成本,cost
huídào,回到,"remount, retour, recur, turn back, regress, regain, revert, go_back, return to, return, go back to"
bù,部,m.[general] bù
éryǐ,而已,particle: imparting finality (that's all)
zhīxià,之下,"under the condition of, under, beneath, below"
děng,等,wait děng
biàn,变,"change, transform"
qíjiān,期间,"length, period, time period, amount of time, duration, course, interim, period of time, time, standing, chapter, tract, space, term, streak, efflux"
fēi,非,not fēi
xiǎojiě,小姐,"Signorina, Senorita, senorita, signorina, young_lady, damosel, Dona, mum, young lady, damoiselle, missy, tootsy, demoiselle, damsel, Miss, Fraulein, miss, sheila, sister, toots, senhorita, damozel, Ladyship, ladyship, Mademoiselle, mademoiselle"
zhěngtǐ,整体,"integrity, allness, entirety, integer, integral, monolith, entireness, ensemble, wholeness, entire, tout ensemble, whole, totality, unity"
cǎiyòng,采用,"invoke, admit, assume, adoptive, use, adopt, select for use, embrace, accept, employment, take, introduce, take up, take_on, take over, take on, borrow, employ, adoption"
gēnběn,根本,"at all, utterly"
jiào,叫,to be called jiào
ōuzhōu,欧洲,Europe
zhèngzài,正在,"course of, be, be in process"
jiāyǐ,加以,handle; treat (used before polysyllabic verbs or verbal nouns)
chōngmǎn,充满,"swarm, be brimming, inhabit, be brimming with, teem, crawl, fill, lard, pullulate with, brim, be permeated with, bathe, be filled with, permeated with, abound in, implement, exuberate, fill up, flow, abound, burst, perfuse, foam, bristle, crackle, inform, pervade, be imbued with, simmer, glut, teem in, permeate, congest, be full of, reek, charge, suffuse, pullulate, overfill, swell"
xìliè,系列,"succession, set, spectrum, course, train, series"
suízhe,随着,"along with, in the wake of, in pace with"
zǎo,早,"early, long ago, in advance, beforehand, prematurely zǎo"
děngděng,等等,"conj.: and so on, etc"
pǒ,颇,"pretty, quite an, very, quite, jolly, fearfully, quite a, molto, middling, considerably, greatly"
bùzú,不足,"not be enough, not be worth (doing sth.), cannot, should not"
zǒng,总,"always, invariably, anyway, after all, inevitably, sooner or later zǒng"
fēnxī,分析,analyze
shēn,深,"deepen, penetrating, profound, deep, dark shēn"
bàogào,报告,"report, speech, (student) term paper"
búcuò,不错,"not bad, pretty good;correct, right"
zàiyū,在于,"be at, on, lie, in, depend on, lie_in, rest with, lie in, be determined by, consist_in, consist in"
páng,旁,"side, by the side of, other páng"
xiào,笑,"smile, laugh xiào"
gù,故,"conj.: hence, so, therefore, as a result"
xiāofèizhě,消费者,"customer, buyer, consumer"
yìshì,意识,"consciousness, witting, sensibility, conscious, conscience, ideology, awareness, subconscious, mentality"
gōngchǐ,公尺,m.[standard]
mínzú,民族,"tribe, citizenry, ethnos, ethnic minority/group, race, nationality, group, Volk, nation, folk, people, ethnic group, ethnographer, family, ethnic minority"
wéizhǔ,为主,give first place to
dàzhòng,大众,"the broad masses, roughscuff, the public, herd, concourse, commonality, riffraff, masses, commonness, the masses, throng, multitude, commonage, commonalty, plebeian, plebs, horde, the people/masses, community, the people, million, mass, public"
dàodǐ,到底,"to the end, at last, after all"
yuàn,愿,"will, wish, may, desire"
dù,度,m.[activity]
dàgài,大概,"chiefly, if not, perchance, approximately, believably, maybe, presumably, plausibly, almost, conceivably, most likely, assumedly, ablings, likely, perhaps, probably, supposedly, ablins, credibly, assumably, belike"
duìfāng,对方,"other party, the other party, fellow, party, other side, adversary, other side/party"
guānyuán,官员,"beg, official, mandarinate, administrative official, office-bearer, officer, bureaucrat, placeman, federal agent, government officials, agent, officialism, functionary, director, officeholder, officialdom, myrmidon"
fābiǎo,发表,"voice, enounce, enunciate, publish, free, sound, announce, pronounce, deliver, circulation, put_out, release, issue, vend, circularize, give, give_out, denote, present, circulate, publicize, blazon, promulgate, mouth"
jìnyībù,进一步,go step further
zìyóu,自由,"free, unrestrained"
zhèngquè,正确,"correct, true, exact, proper, right"
fēngfù,丰富,"rich, abundant, plentiful"
guómíndǎng,国民党,"Kuomintang, Nationalist Party, Kuomintang (KMT)"
zhànzhēng,战争,"war, warfare"
zěnmeyàng,怎么样,How are things?
zhǐhǎo,只好,"can only, have no choice but, have to, be forced to"
míngxiǎn,明显,"clear, obvious"
gǎigé,改革,reform
biǎodá,表达,"express, convey, voice"
kěndìng,肯定,"affirm, approve, regard as positive"
qiáng,强,"strong, powerful, vigorous, better, slightly more than, plus qiáng"
gāoxìng,高兴,"glad, happy, cheerful, merry, pleased"
nǎ,哪,det.: which nǎ
shù,树,"wood, Ruptiliocarpon caracolito, tree, arbor, Surname, caracolito shù"
shìhé,适合,"qualify, conform, fit, go, befit, quadrate, will, accord, tailor, beseem, serve, comport, gee, answer, become, fit_in, service, pertain, like, accommodate, agree, belong, characterize, make, suit, match"
chá,茶,tea chá
bié,别,don't bié
guówài,国外,overseas
guānxīn,关心,be concerned about
sūlián,苏联,"Russia, Soviet, USSR, Soviet Union"
chéngjī,成绩,"execution, carrying into action, achievement, result, showing, carrying out, performance, grade, success, doing, batting average"
rénwù,人物,"character, persona, original, spirit, figure painting, character in literature, figure, person in literature, person, fish, personage, personality"
tīngdào,听到,hear
chuàngzào,创造,"create, produce, bring about"
búbì,不必,"need not, not have to"
búlùn,不论,conj.: no matter how/who/what/etc.
shàng,尚,"still, yet, fairly, rather shàng"
jūmín,居民,"municipality, population, citizen, denizen, townie, people, dweller, populace, residenter, resident, towny, inhabitant, habitant, liver"
bùguǎn,不管,"conj.: no matter, regardless of"
měilì,美丽,beautiful
yīlākè,伊拉克,"Al-Iraq, Iraq, Irak"
dàilái,带来,"bring, redound, impart, bring_on, bring on, express, fetch, lend, convey, contribute, bring about, bestow, carry, bring oneself, add, usher, incur, land"
yǒu,有,there is/are
bān,般,"way, kind, variety, sort"
yǒngyuǎn,永远,"e'er, always, for_good, evermore, ever, forever"
gǎnqíng,感情,"warmheartedness, reticence, sensation, affection, susceptibility, feeling, feelings, heart, affective, withers, expression, tenderness, emotion, sentiment, fondness, soul, affectionateness, soulfulness, passion"
érzi,儿子,"son, male offspring, boy"
zhèyàngzi,这样子,"so, such, like this, this way"
qǐ,起,[aspect] qǐ
quánbù,全部,"lot, aggregate, all, gross, entirety, allness, shebang, caboodle, complete, bunch, sum, total, gamut, entire, det.: all, totality, whole, everything"
